web-scraper-order,web-scraper-start-url,text,image-src,html,nav
"1737573031-1","https://web.archive.org/web/20230711150331/http://esp.mr/","","","<head profile=""http://www.w3.org/1999/xhtml/vocab""><script src=""//archive.org/includes/athena.js"" type=""text/javascript""></script>
<script type=""text/javascript"">window.addEventListener('DOMContentLoaded',function(){var v=archive_analytics.values;v.service='wb';v.server_name='wwwb-app216.us.archive.org';v.server_ms=3786;archive_analytics.send_pageview({});});</script>
<script type=""text/javascript"" src=""https://web-static.archive.org/_static/js/bundle-playback.js?v=HxkREWBo"" charset=""utf-8""></script>
<script type=""text/javascript"" src=""https://web-static.archive.org/_static/js/wombat.js?v=txqj7nKC"" charset=""utf-8""></script>
<script>window.RufflePlayer=window.RufflePlayer||{};window.RufflePlayer.config={""autoplay"":""on"",""unmuteOverlay"":""hidden""};</script>
<script type=""text/javascript"" src=""https://web-static.archive.org/_static/js/ruffle/ruffle.js""></script>
<script type=""text/javascript"">
    __wm.init(""https://web.archive.org/web"");
  __wm.wombat(""http://esp.mr/"",""20230711150331"",""https://web.archive.org/"",""web"",""https://web-static.archive.org/_static/"",
	      ""1689087811"");
</script>
<link rel=""stylesheet"" type=""text/css"" href=""https://web-static.archive.org/_static/css/banner-styles.css?v=S1zqJCYt"">
<link rel=""stylesheet"" type=""text/css"" href=""https://web-static.archive.org/_static/css/iconochive.css?v=3PDvdIFv"">
<!-- End Wayback Rewrite JS Include -->

  <meta http-equiv=""Content-Type"" content=""text/html; charset=utf-8"">
<meta name=""Generator"" content=""Drupal 7 (http://drupal.org)"">
<link rel=""alternate"" type=""application/rss+xml"" title=""esp RSS"" href=""https://web.archive.org/web/20230711150331/https://esp.mr/rss.xml"">
<link rel=""shortcut icon"" href=""https://web.archive.org/web/20230711150331im_/https://esp.mr/sites/all/themes/education/education/favicon.ico"" type=""image/vnd.microsoft.icon"">
  <title>esp</title>
  <!-- META FOR IOS & HANDHELD -->
  <meta name=""viewport"" content=""width=device-width, initial-scale=1.0, user-scalable=yes"">
  <meta name=""HandheldFriendly"" content=""true"">
  <meta name=""apple-touch-fullscreen"" content=""YES"">
  <!-- //META FOR IOS & HANDHELD -->  
  <style type=""text/css"" media=""all"">
@import url(""https://web.archive.org/web/20230711150331cs_/https://esp.mr/modules/system/system.base.css?rl4mqq"");
@import url(""https://web.archive.org/web/20230711150331cs_/https://esp.mr/modules/system/system.menus.css?rl4mqq"");
@import url(""https://web.archive.org/web/20230711150331cs_/https://esp.mr/modules/system/system.messages.css?rl4mqq"");
@import url(""https://web.archive.org/web/20230711150331cs_/https://esp.mr/modules/system/system.theme.css?rl4mqq"");
</style>
<style type=""text/css"" media=""all"">
@import url(""https://web.archive.org/web/20230711150331cs_/https://esp.mr/sites/all/modules/views_slideshow/views_slideshow.css?rl4mqq"");
</style>
<style type=""text/css"" media=""all"">
@import url(""https://web.archive.org/web/20230711150331cs_/https://esp.mr/modules/comment/comment.css?rl4mqq"");
@import url(""https://web.archive.org/web/20230711150331cs_/https://esp.mr/modules/field/theme/field.css?rl4mqq"");
@import url(""https://web.archive.org/web/20230711150331cs_/https://esp.mr/modules/node/node.css?rl4mqq"");
@import url(""https://web.archive.org/web/20230711150331cs_/https://esp.mr/modules/search/search.css?rl4mqq"");
@import url(""https://web.archive.org/web/20230711150331cs_/https://esp.mr/modules/user/user.css?rl4mqq"");
@import url(""https://web.archive.org/web/20230711150331cs_/https://esp.mr/modules/forum/forum.css?rl4mqq"");
@import url(""https://web.archive.org/web/20230711150331cs_/https://esp.mr/sites/all/modules/views/css/views.css?rl4mqq"");
@import url(""https://web.archive.org/web/20230711150331cs_/https://esp.mr/sites/all/modules/ckeditor/css/ckeditor.css?rl4mqq"");
</style>
<style type=""text/css"" media=""all"">
@import url(""https://web.archive.org/web/20230711150331cs_/https://esp.mr/sites/all/modules/ctools/css/ctools.css?rl4mqq"");
@import url(""https://web.archive.org/web/20230711150331cs_/https://esp.mr/sites/all/modules/views_slideshow/contrib/views_slideshow_cycle/views_slideshow_cycle.css?rl4mqq"");
</style>
<link type=""text/css"" rel=""stylesheet"" href=""https://web.archive.org/web/20230711150331cs_/https://cdnjs.cloudflare.com/ajax/libs/font-awesome/4.4.0/css/font-awesome.min.css"" media=""all"">
<style type=""text/css"" media=""all"">
@import url(""https://web.archive.org/web/20230711150331cs_/https://esp.mr/sites/all/modules/tb_megamenu/css/bootstrap.css?rl4mqq"");
@import url(""https://web.archive.org/web/20230711150331cs_/https://esp.mr/sites/all/modules/tb_megamenu/css/base.css?rl4mqq"");
@import url(""https://web.archive.org/web/20230711150331cs_/https://esp.mr/sites/all/modules/tb_megamenu/css/default.css?rl4mqq"");
@import url(""https://web.archive.org/web/20230711150331cs_/https://esp.mr/sites/all/modules/tb_megamenu/css/compatibility.css?rl4mqq"");
@import url(""https://web.archive.org/web/20230711150331cs_/https://esp.mr/sites/all/modules/jcarousel/skins/default/jcarousel-default.css?rl4mqq"");
@import url(""https://web.archive.org/web/20230711150331cs_/https://esp.mr/sites/all/modules/quicktabs/css/quicktabs.css?rl4mqq"");
</style>
<style type=""text/css"" media=""all"">
@import url(""https://web.archive.org/web/20230711150331cs_/https://esp.mr/sites/all/themes/education/light/bootstrap/css/bootstrap.css?rl4mqq"");
@import url(""https://web.archive.org/web/20230711150331cs_/https://esp.mr/sites/all/themes/education/light/bootstrap/css/bootstrap-responsive.css?rl4mqq"");
@import url(""https://web.archive.org/web/20230711150331cs_/https://esp.mr/sites/all/themes/education/light/css/light-base.css?rl4mqq"");
@import url(""https://web.archive.org/web/20230711150331cs_/https://esp.mr/sites/all/themes/education/education/css/layout.css?rl4mqq"");
@import url(""https://web.archive.org/web/20230711150331cs_/https://esp.mr/sites/all/themes/education/education/css/region.css?rl4mqq"");
@import url(""https://web.archive.org/web/20230711150331cs_/https://esp.mr/sites/all/themes/education/education/css/block.css?rl4mqq"");
@import url(""https://web.archive.org/web/20230711150331cs_/https://esp.mr/sites/all/themes/education/education/css/menu.css?rl4mqq"");
@import url(""https://web.archive.org/web/20230711150331cs_/https://esp.mr/sites/all/themes/education/education/css/screen.css?rl4mqq"");
</style>
<style type=""text/css"" media=""only screen and (min-width: 980px) and (max-width: 1199px)"">
@import url(""https://web.archive.org/web/20230711150331cs_/https://esp.mr/sites/all/themes/education/education/css/screens/tablet.css?rl4mqq"");
</style>
<style type=""text/css"" media=""only screen and (min-width: 720px) and (max-width: 979px)"">
@import url(""https://web.archive.org/web/20230711150331cs_/https://esp.mr/sites/all/themes/education/education/css/screens/tablet-vertical.css?rl4mqq"");
</style>
<style type=""text/css"" media=""only screen and (max-width: 719px)"">
@import url(""https://web.archive.org/web/20230711150331cs_/https://esp.mr/sites/all/themes/education/education/css/screens/mobile.css?rl4mqq"");
</style>
<style type=""text/css"" media=""only screen and (max-width: 479px)"">
@import url(""https://web.archive.org/web/20230711150331cs_/https://esp.mr/sites/all/themes/education/education/css/screens/mobile-vertical.css?rl4mqq"");
</style>
<style type=""text/css"" media=""all"">
@import url(""https://web.archive.org/web/20230711150331cs_/https://esp.mr/sites/all/themes/education/education/css/colors/pink/style.css?rl4mqq"");
</style>
  <script type=""text/javascript"" src=""https://web.archive.org/web/20230711150331js_/https://esp.mr/misc/jquery.js?v=1.4.4""></script>
<script type=""text/javascript"" src=""https://web.archive.org/web/20230711150331js_/https://esp.mr/misc/jquery-extend-3.4.0.js?v=1.4.4""></script>
<script type=""text/javascript"" src=""https://web.archive.org/web/20230711150331js_/https://esp.mr/misc/jquery-html-prefilter-3.5.0-backport.js?v=1.4.4""></script>
<script type=""text/javascript"" src=""https://web.archive.org/web/20230711150331js_/https://esp.mr/misc/jquery.once.js?v=1.2""></script>
<script type=""text/javascript"" src=""https://web.archive.org/web/20230711150331js_/https://esp.mr/misc/drupal.js?rl4mqq""></script>
<script type=""text/javascript"" src=""https://web.archive.org/web/20230711150331js_/https://esp.mr/sites/all/modules/views_slideshow/js/views_slideshow.js?v=1.0""></script>
<script type=""text/javascript"" src=""https://web.archive.org/web/20230711150331js_/https://esp.mr/misc/progress.js?rl4mqq""></script>
<script type=""text/javascript"" src=""https://web.archive.org/web/20230711150331js_/https://esp.mr/sites/all/modules/tb_megamenu/js/tb-megamenu-frontend.js?rl4mqq""></script>
<script type=""text/javascript"" src=""https://web.archive.org/web/20230711150331js_/https://esp.mr/sites/all/modules/views_slideshow/contrib/views_slideshow_cycle/js/views_slideshow_cycle.js?rl4mqq""></script>
<script type=""text/javascript"" src=""https://web.archive.org/web/20230711150331js_/https://esp.mr/sites/all/libraries/jquery.cycle/jquery.cycle.all.min.js?rl4mqq""></script>
<script type=""text/javascript"" src=""https://web.archive.org/web/20230711150331js_/https://esp.mr/sites/all/modules/tb_megamenu/js/tb-megamenu-touch.js?rl4mqq""></script>
<script type=""text/javascript"" src=""https://web.archive.org/web/20230711150331js_/https://esp.mr/sites/all/modules/jcarousel/js/jquery.jcarousel.min.js?rl4mqq""></script>
<script type=""text/javascript"" src=""https://web.archive.org/web/20230711150331js_/https://esp.mr/sites/all/modules/jcarousel/js/jcarousel.js?rl4mqq""></script>
<script type=""text/javascript"" src=""https://web.archive.org/web/20230711150331js_/https://esp.mr/sites/all/modules/quicktabs/js/quicktabs.js?rl4mqq""></script>
<script type=""text/javascript"">
<!--//--><![CDATA[//><!--

	(function ($) {
	  if (Drupal.Nucleus == undefined) {
		Drupal.Nucleus = {};
	  }
	  Drupal.behaviors.skinMenuAction = {
		attach: function (context) {
		  jQuery("".change-skin-button"").click(function() {
			parts = this.href.split(""/"");
			style = parts[parts.length - 1];
			jQuery.cookie(""light_skin"", style, {path: ""/""});
			window.location.reload();
			return false;
		  });
		}
	  }
	})(jQuery);
  
//--><!]]>
</script>
<script type=""text/javascript"" src=""https://web.archive.org/web/20230711150331js_/https://esp.mr/sites/all/modules/nivo_slider/js/nivo_slider.js?rl4mqq""></script>
<script type=""text/javascript"" src=""https://web.archive.org/web/20230711150331js_/https://esp.mr/sites/all/themes/education/light/js/jquery.cookie.js?rl4mqq""></script>
<script type=""text/javascript"" src=""https://web.archive.org/web/20230711150331js_/https://esp.mr/sites/all/themes/education/light/js/light.js?rl4mqq""></script>
<script type=""text/javascript"" src=""https://web.archive.org/web/20230711150331js_/https://esp.mr/sites/all/themes/education/education/js/education.js?rl4mqq""></script>
<script type=""text/javascript"">
<!--//--><![CDATA[//><!--
jQuery.extend(Drupal.settings, {""basePath"":""\/"",""pathPrefix"":"""",""setHasJsCookie"":0,""ajaxPageState"":{""theme"":""education"",""theme_token"":""TffyxUlsfMtyiN7O8Qn14u44C_f9LKlvHnv-qk_S6yk"",""js"":{""misc\/jquery.js"":1,""misc\/jquery-extend-3.4.0.js"":1,""misc\/jquery-html-prefilter-3.5.0-backport.js"":1,""misc\/jquery.once.js"":1,""misc\/drupal.js"":1,""sites\/all\/modules\/views_slideshow\/js\/views_slideshow.js"":1,""misc\/progress.js"":1,""sites\/all\/modules\/tb_megamenu\/js\/tb-megamenu-frontend.js"":1,""sites\/all\/modules\/views_slideshow\/contrib\/views_slideshow_cycle\/js\/views_slideshow_cycle.js"":1,""sites\/all\/libraries\/jquery.cycle\/jquery.cycle.all.min.js"":1,""sites\/all\/modules\/tb_megamenu\/js\/tb-megamenu-touch.js"":1,""sites\/all\/modules\/jcarousel\/js\/jquery.jcarousel.min.js"":1,""sites\/all\/modules\/jcarousel\/js\/jcarousel.js"":1,""sites\/all\/modules\/quicktabs\/js\/quicktabs.js"":1,""0"":1,""sites\/all\/modules\/nivo_slider\/js\/nivo_slider.js"":1,""sites\/all\/themes\/education\/light\/js\/jquery.cookie.js"":1,""sites\/all\/themes\/education\/light\/js\/light.js"":1,""sites\/all\/themes\/education\/education\/js\/education.js"":1},""css"":{""modules\/system\/system.base.css"":1,""modules\/system\/system.menus.css"":1,""modules\/system\/system.messages.css"":1,""modules\/system\/system.theme.css"":1,""sites\/all\/modules\/views_slideshow\/views_slideshow.css"":1,""modules\/comment\/comment.css"":1,""modules\/field\/theme\/field.css"":1,""modules\/node\/node.css"":1,""modules\/search\/search.css"":1,""modules\/user\/user.css"":1,""modules\/forum\/forum.css"":1,""sites\/all\/modules\/views\/css\/views.css"":1,""sites\/all\/modules\/ckeditor\/css\/ckeditor.css"":1,""sites\/all\/modules\/ctools\/css\/ctools.css"":1,""sites\/all\/modules\/views_slideshow\/contrib\/views_slideshow_cycle\/views_slideshow_cycle.css"":1,""https:\/\/web.archive.org\/web\/20230711150331\/https:\/\/cdnjs.cloudflare.com\/ajax\/libs\/font-awesome\/4.4.0\/css\/font-awesome.min.css"":1,""sites\/all\/modules\/tb_megamenu\/css\/bootstrap.css"":1,""sites\/all\/modules\/tb_megamenu\/css\/base.css"":1,""sites\/all\/modules\/tb_megamenu\/css\/default.css"":1,""sites\/all\/modules\/tb_megamenu\/css\/compatibility.css"":1,""sites\/all\/modules\/jcarousel\/skins\/default\/jcarousel-default.css"":1,""sites\/all\/modules\/quicktabs\/css\/quicktabs.css"":1,""\/themes\/default\/default.css"":1,""sites\/all\/themes\/education\/light\/bootstrap\/css\/bootstrap.css"":1,""sites\/all\/themes\/education\/light\/bootstrap\/css\/bootstrap-responsive.css"":1,""sites\/all\/themes\/education\/light\/css\/light-base.css"":1,""sites\/all\/themes\/education\/education\/css\/layout.css"":1,""sites\/all\/themes\/education\/education\/css\/region.css"":1,""sites\/all\/themes\/education\/education\/css\/block.css"":1,""sites\/all\/themes\/education\/education\/css\/menu.css"":1,""sites\/all\/themes\/education\/education\/css\/screen.css"":1,""sites\/all\/themes\/education\/education\/css\/screens\/tablet.css"":1,""sites\/all\/themes\/education\/education\/css\/screens\/tablet-vertical.css"":1,""sites\/all\/themes\/education\/education\/css\/screens\/mobile.css"":1,""sites\/all\/themes\/education\/education\/css\/screens\/mobile-vertical.css"":1,""sites\/all\/themes\/education\/education\/css\/colors\/pink\/style.css"":1}},""jcarousel"":{""ajaxPath"":""\/jcarousel\/ajax\/views"",""carousels"":{""jcarousel-dom-1"":{""view_options"":{""view_args"":"""",""view_path"":""node"",""view_base_path"":null,""view_display_id"":""block"",""view_name"":""video"",""jcarousel_dom_id"":1},""wrap"":null,""skin"":""default"",""visible"":1,""scroll"":1,""autoPause"":1,""start"":1,""auto"":0,""selector"":"".jcarousel-dom-1""},""jcarousel-dom-2"":{""view_options"":{""view_args"":"""",""view_path"":""node"",""view_base_path"":null,""view_display_id"":""block"",""view_name"":""sponsors"",""jcarousel_dom_id"":2},""wrap"":""circular"",""skin"":""default"",""scroll"":1,""autoPause"":1,""start"":1,""selector"":"".jcarousel-dom-2""}}},""viewsSlideshow"":{""break_news-block_1"":{""methods"":{""goToSlide"":[""viewsSlideshowPager"",""viewsSlideshowSlideCounter"",""viewsSlideshowCycle""],""nextSlide"":[""viewsSlideshowPager"",""viewsSlideshowSlideCounter"",""viewsSlideshowCycle""],""pause"":[""viewsSlideshowControls"",""viewsSlideshowCycle""],""play"":[""viewsSlideshowControls"",""viewsSlideshowCycle""],""previousSlide"":[""viewsSlideshowPager"",""viewsSlideshowSlideCounter"",""viewsSlideshowCycle""],""transitionBegin"":[""viewsSlideshowPager"",""viewsSlideshowSlideCounter""],""transitionEnd"":[]},""paused"":0},""slideshow-block_1"":{""methods"":{""goToSlide"":[""viewsSlideshowPager"",""viewsSlideshowSlideCounter"",""viewsSlideshowCycle""],""nextSlide"":[""viewsSlideshowPager"",""viewsSlideshowSlideCounter"",""viewsSlideshowCycle""],""pause"":[""viewsSlideshowControls"",""viewsSlideshowCycle""],""play"":[""viewsSlideshowControls"",""viewsSlideshowCycle""],""previousSlide"":[""viewsSlideshowPager"",""viewsSlideshowSlideCounter"",""viewsSlideshowCycle""],""transitionBegin"":[""viewsSlideshowPager"",""viewsSlideshowSlideCounter""],""transitionEnd"":[]},""paused"":0}},""viewsSlideshowCycle"":{""#views_slideshow_cycle_main_break_news-block_1"":{""num_divs"":3,""id_prefix"":""#views_slideshow_cycle_main_"",""div_prefix"":""#views_slideshow_cycle_div_"",""vss_id"":""break_news-block_1"",""effect"":""fade"",""transition_advanced"":0,""timeout"":5000,""speed"":700,""delay"":0,""sync"":1,""random"":0,""pause"":1,""pause_on_click"":0,""play_on_hover"":0,""action_advanced"":0,""start_paused"":0,""remember_slide"":0,""remember_slide_days"":1,""pause_in_middle"":0,""pause_when_hidden"":0,""pause_when_hidden_type"":""full"",""amount_allowed_visible"":"""",""nowrap"":0,""pause_after_slideshow"":0,""fixed_height"":1,""items_per_slide"":1,""wait_for_image_load"":1,""wait_for_image_load_timeout"":3000,""cleartype"":0,""cleartypenobg"":0,""advanced_options"":""{}""},""#views_slideshow_cycle_main_slideshow-block_1"":{""num_divs"":1,""id_prefix"":""#views_slideshow_cycle_main_"",""div_prefix"":""#views_slideshow_cycle_div_"",""vss_id"":""slideshow-block_1"",""effect"":""fade"",""transition_advanced"":0,""timeout"":5000,""speed"":700,""delay"":0,""sync"":1,""random"":0,""pause"":0,""pause_on_click"":0,""play_on_hover"":0,""action_advanced"":0,""start_paused"":0,""remember_slide"":0,""remember_slide_days"":1,""pause_in_middle"":0,""pause_when_hidden"":0,""pause_when_hidden_type"":""full"",""amount_allowed_visible"":"""",""nowrap"":0,""pause_after_slideshow"":0,""fixed_height"":1,""items_per_slide"":1,""wait_for_image_load"":1,""wait_for_image_load_timeout"":3000,""cleartype"":0,""cleartypenobg"":0,""advanced_options"":""{}""}},""quicktabs"":{""qt_quicktabs"":{""name"":""quicktabs"",""tabs"":[{""bid"":""views_delta_news_events-block"",""hide_title"":1},{""bid"":""views_delta_news_events-block"",""hide_title"":1}],""viewsSlideshowCycle"":{""#views_slideshow_cycle_main_slideshow-block_1"":{""num_divs"":1,""id_prefix"":""#views_slideshow_cycle_main_"",""div_prefix"":""#views_slideshow_cycle_div_"",""vss_id"":""slideshow-block_1"",""effect"":""fade"",""transition_advanced"":0,""timeout"":5000,""speed"":700,""delay"":0,""sync"":1,""random"":0,""pause"":0,""pause_on_click"":0,""play_on_hover"":0,""action_advanced"":0,""start_paused"":0,""remember_slide"":0,""remember_slide_days"":1,""pause_in_middle"":0,""pause_when_hidden"":0,""pause_when_hidden_type"":""full"",""amount_allowed_visible"":"""",""nowrap"":0,""pause_after_slideshow"":0,""fixed_height"":1,""items_per_slide"":1,""wait_for_image_load"":1,""wait_for_image_load_timeout"":3000,""cleartype"":0,""cleartypenobg"":0,""advanced_options"":""{}""}}}},""urlIsAjaxTrusted"":{""\/"":true},""nivo_slider"":{""effect"":""fade"",""slices"":15,""boxCols"":8,""boxRows"":4,""animSpeed"":500,""pauseTime"":3000,""startSlide"":0,""directionNav"":true,""controlNav"":true,""controlNavThumbs"":false,""pauseOnHover"":true,""manualAdvance"":false,""prevText"":""Prev"",""nextText"":""Next"",""randomStart"":true}});
//--><!]]>
</script>
   <!--[if lt IE 9]>
   <link rel=""stylesheet"" type=""text/css"" href=""http://localhost/drupal-works/education_new/sites/all/themes/education/education/css/ie.css"" />
   <![endif]-->
</head>
<body class=""html front not-logged-in one-sidebar sidebar-second page-node skin-pink""><!-- BEGIN WAYBACK TOOLBAR INSERT -->
<script>__wm.rw(0);</script>
<div id=""wm-ipp-base"" lang=""en"" style=""display: block; direction: ltr;"">
</div><div id=""wm-ipp-print"">The Wayback Machine - https://web.archive.org/web/20230711150331/http://esp.mr/</div>
<script type=""text/javascript"">//<![CDATA[
__wm.bt(750,27,25,2,""web"",""http://esp.mr/"",""20230711150331"",1996,""https://web-static.archive.org/_static/"",[""https://web-static.archive.org/_static/css/banner-styles.css?v=S1zqJCYt"",""https://web-static.archive.org/_static/css/iconochive.css?v=3PDvdIFv""], false);
  __wm.rw(1);
//]]></script>
<!-- END WAYBACK TOOLBAR INSERT -->
 
  <div id=""skip-link"">
    <a href=""#main-content"" class=""element-invisible element-focusable"">Skip to main content</a>
  </div>
    <div id=""page"" class=""page-default"">
  <a name=""Top"" id=""Top""></a>
      <div id=""change_skin_menu_wrapper"" class=""change-skin-menu-wrapper wrapper""><div class=""container""><ul class=""change-skin-menu""><li class=""default""><a href=""#change-skin/default"" class=""change-skin-button color-default"">Default Style</a></li><li class=""blue""><a href=""#change-skin/blue"" class=""change-skin-button color-blue"">Blue</a></li><li class=""pink active""><a href=""#change-skin/pink"" class=""change-skin-button color-pink"">Pink</a></li></ul></div></div>  
      <div id=""headline-wrapper"" class=""wrapper"">
      <div class=""container"">
        <div class=""row"">
          <div class=""span12 clearfix"">
              <div class=""region region-headline"">
    <div id=""block-search-form"" class=""block block-search"">
  <div class=""block-inner"">
            
    <div class=""content"">
      <form action=""/web/20230711150331/http://esp.mr/"" method=""post"" id=""search-block-form"" accept-charset=""UTF-8""><div><div class=""container-inline"">
      <h2 class=""element-invisible"">Search form</h2>
    <div class=""form-item form-type-textfield form-item-search-block-form"">
  <label class=""element-invisible"" for=""edit-search-block-form--2"">Search </label>
 <input title=""Enter the terms you wish to search for."" type=""text"" id=""edit-search-block-form--2"" name=""search_block_form"" value="""" size=""15"" maxlength=""128"" class=""form-text"">
</div>
<div class=""form-actions form-wrapper"" id=""edit-actions""><input type=""submit"" id=""edit-submit"" name=""op"" value=""Search"" class=""form-submit""></div><input type=""hidden"" name=""form_build_id"" value=""form-wYL08yMXGZTtQzP5k28eqiXcIayxxZpasrwWMuiZwq0"">
<input type=""hidden"" name=""form_id"" value=""search_block_form"">
</div>
</div></form>    </div>
  </div>
</div>
<div id=""block-views-break-news-block"" class=""block block-views"">
  <div class=""block-inner"">
              <h2>LES DERNIÈRES INFORMATIONS</h2>
        
    <div class=""content"">
      <div class=""view view-break-news view-id-break_news view-display-id-block break-news view-dom-id-9fe2a0a31520cc08f0e55bf0268ae622"">
        
  
  
      <div class=""view-content"">
      
  <div class=""skin-default views-slideshow-cycle-processed"">
    
    <div id=""views_slideshow_cycle_main_break_news-block_1"" class=""views_slideshow_cycle_main views_slideshow_main viewsSlideshowCycle-processed""><div id=""views_slideshow_cycle_teaser_section_break_news-block_1"" class=""views-slideshow-cycle-main-frame views_slideshow_cycle_teaser_section"" style=""position: relative; width: 448px; height: 27px;"">
  <div id=""views_slideshow_cycle_div_break_news-block_1_0"" class=""views-slideshow-cycle-main-frame-row views_slideshow_cycle_slide views_slideshow_slide views-row-1 views-row-first views-row-odd"" style=""position: absolute; top: 0px; left: 0px; display: block; z-index: 3; opacity: 0.466365;"">
  <div class=""views-slideshow-cycle-main-frame-row-item views-row views-row-0 views-row-odd views-row-first"">
    
  <div class=""views-field views-field-title"">        <span class=""field-content""><a href=""/web/20230711150331/http://esp.mr/news/concours-national-d%E2%80%99ing%C3%A9nieurs-de-mauritanie-cnim-session-2023"">CONCOURS NATIONAL D’INGÉNIEURS DE MAURITANIE (CNIM) - Session 2023</a></span>  </div></div>
</div>
<div id=""views_slideshow_cycle_div_break_news-block_1_1"" class=""views-slideshow-cycle-main-frame-row views_slideshow_cycle_slide views_slideshow_slide views-row-2 views_slideshow_cycle_hidden views-row-even"" style=""position: absolute; top: 0px; left: 0px; display: block; z-index: 4; opacity: 0.533635; width: 219px; height: 27px;"">
  <div class=""views-slideshow-cycle-main-frame-row-item views-row views-row-0 views-row-odd"">
    
  <div class=""views-field views-field-title"">        <span class=""field-content""><a href=""/web/20230711150331/http://esp.mr/news/le-chef-demga-du-s%C3%A9n%C3%A9gal-visite-le-gp"">Le chef d'EMGA du Sénégal visite le GP</a></span>  </div></div>
</div>
<div id=""views_slideshow_cycle_div_break_news-block_1_2"" class=""views-slideshow-cycle-main-frame-row views_slideshow_cycle_slide views_slideshow_slide views-row-3 views_slideshow_cycle_hidden views-row-last views-row-odd"" style=""position: absolute; top: 0px; left: 0px; display: none; z-index: 1; opacity: 0;"">
  <div class=""views-slideshow-cycle-main-frame-row-item views-row views-row-0 views-row-odd"">
    
  <div class=""views-field views-field-title"">        <span class=""field-content""><a href=""/web/20230711150331/http://esp.mr/news/signature-dun-accord-cadre-entre-lesp-et-lensi-de-tunisie"">Signature d'un accord cadre entre l'ESP et l'ENSI de Tunisie</a></span>  </div></div>
</div>
</div>
</div>
      </div>
    </div>
  
  
  
  
  
  
</div>    </div>
  </div>
</div>
  </div>
          </div>
        </div>
      </div>
    </div>
    
  <!-- HEADER -->
  <div id=""header-wrapper"" class=""wrapper"">
    <div class=""container"">
	  <div class=""row"">
	    <div class=""span12 clearfix"">
	      <div id=""header"" class=""clearfix"">
	        	
	        	
	        	        	      </div>
			
		  			<div id=""slideshow-wrapper"" class=""wrapper"">
				  <div class=""region region-slideshow"">
    <div id=""block-views-slideshow-block"" class=""block block-views"">
  <div class=""block-inner"">
            
    <div class=""content"">
      <div class=""view view-slideshow view-id-slideshow view-display-id-block view-dom-id-88b26de09936bff1a9a0165349e82a0c"">
        
  
  
      <div class=""view-content"">
      
  <div class=""skin-default views-slideshow-cycle-processed"">
    
    <div id=""views_slideshow_cycle_main_slideshow-block_1"" class=""views_slideshow_cycle_main views_slideshow_main viewsSlideshowCycle-processed""><div id=""views_slideshow_cycle_teaser_section_slideshow-block_1"" class=""views-slideshow-cycle-main-frame views_slideshow_cycle_teaser_section"">
  <div id=""views_slideshow_cycle_div_slideshow-block_1_0"" class=""views-slideshow-cycle-main-frame-row views_slideshow_cycle_slide views_slideshow_slide views-row-1 views-row-first views-row-odd"">
  <div class=""views-slideshow-cycle-main-frame-row-item views-row views-row-0 views-row-odd views-row-first"">
    
  <div class=""views-field views-field-field-slideshow-image"">        <div class=""field-content""><a href=""/web/20230711150331/http://esp.mr/index""><img typeof=""foaf:Image"" src=""https://web.archive.org/web/20230711150331im_/https://esp.mr/sites/default/files/styles/img_1170_204/public/images/slideshows/logo_0.jpg?itok=3H-IytJY"" width=""1170"" height=""204"" alt=""""></a></div>  </div></div>
</div>
</div>
</div>
      </div>
    </div>
  
  
  
  
  
  
</div>    </div>
  </div>
</div>
  </div>
			
			</div>
		  		
		</div>
	  </div>
    </div>
  </div>
  <!-- //HEADER -->

      <div id=""main-menu-wrapper"" class=""wrapper"">
      <div class=""container"">
        <div class=""row"">
          <div class=""span12 clearfix"">
            <div class=""block-menu-icon"">
              <a class=""home-button"" href=""index.php"" title=""Home"">Home</a>
              <a class=""responsive-menu-button"" href=""javascript:void(0);"" title=""Navigation Icon"" style=""display:none;"">Menu</a>
            </div>
              <div class=""region region-main-menu"">
    <div id=""block-tb-megamenu-main-menu"" class=""block block-tb-megamenu"">
  <div class=""block-inner"">
            
    <div class=""content"">
      <div class=""tb-megamenu tb-megamenu-main-menu tb-megamenu-processed"" role=""navigation"" aria-label=""Main navigation"">
      <button data-target="".nav-collapse"" data-toggle=""collapse"" class=""btn btn-navbar tb-megamenu-button menuIstance-processed"" type=""button"">
      <i class=""fa fa-reorder""></i>
    </button>
    <div class=""nav-collapse  always-show"">
    <ul class=""tb-megamenu-nav nav level-0 items-14"">
    <li data-id=""224"" data-level=""1"" data-type=""menu_item"" data-class="""" data-xicon="""" data-caption="""" data-alignsub="""" data-group=""0"" data-hidewcol=""0"" data-hidesub=""0"" class=""tb-megamenu-item level-1 mega active active-trail"">
          <a href=""/web/20230711150331/http://esp.mr/"" title=""Accueil"">
                Accueil                      </a>
          </li>

  <li data-id=""1318"" data-level=""1"" data-type=""menu_item"" data-class="""" data-xicon="""" data-caption="""" data-alignsub="""" data-group=""0"" data-hidewcol=""0"" data-hidesub=""0"" class=""tb-megamenu-item level-1 mega dropdown"">
          <a href=""/web/20230711150331/http://esp.mr/index"" class=""dropdown-toggle"" title=""L’Ecole	"">
                L’Ecole	                  <span class=""caret""></span>
                      </a>
        <div data-class="""" data-width="""" class=""tb-megamenu-submenu dropdown-menu mega-dropdown-menu nav-child"">
  <div class=""mega-dropdown-inner"">
    <div class=""tb-megamenu-row row-fluid"">
  <div data-class="""" data-width="""" data-hidewcol=""0"" id=""tb-megamenu-column-1"" class=""tb-megamenu-column span  mega-col-nav"">
  <div class=""tb-megamenu-column-inner mega-inner clearfix"">
        <ul class=""tb-megamenu-subnav mega-nav level-1 items-7"">
    <li data-id=""1354"" data-level=""2"" data-type=""menu_item"" data-class="""" data-xicon="""" data-caption="""" data-alignsub="""" data-group=""0"" data-hidewcol=""0"" data-hidesub=""0"" class=""tb-megamenu-item level-2 mega"">
          <a href=""/web/20230711150331/http://esp.mr/page/pr%C3%A9sentation"">
                Présentation                      </a>
          </li>

  <li data-id=""1353"" data-level=""2"" data-type=""menu_item"" data-class="""" data-xicon="""" data-caption="""" data-alignsub="""" data-group=""0"" data-hidewcol=""0"" data-hidesub=""0"" class=""tb-megamenu-item level-2 mega"">
          <a href=""/web/20230711150331/http://esp.mr/page/mission-et-organisation"">
                MISSION ET ORGANISATION                      </a>
          </li>

  <li data-id=""1327"" data-level=""2"" data-type=""menu_item"" data-class="""" data-xicon="""" data-caption="""" data-alignsub="""" data-group=""0"" data-hidewcol=""0"" data-hidesub=""0"" class=""tb-megamenu-item level-2 mega"">
          <a href=""/web/20230711150331/http://esp.mr/article/pr%C3%A9sentation-0"" title=""Chiffres Clés"">
                Chiffres Clés                      </a>
          </li>

  <li data-id=""1330"" data-level=""2"" data-type=""menu_item"" data-class="""" data-xicon="""" data-caption="""" data-alignsub="""" data-group=""0"" data-hidewcol=""0"" data-hidesub=""0"" class=""tb-megamenu-item level-2 mega"">
          <a href=""/web/20230711150331/http://esp.mr/article/pr%C3%A9sentation-0"" title=""Corps Enseignant"">
                Corps Enseignant                      </a>
          </li>

  <li data-id=""1331"" data-level=""2"" data-type=""menu_item"" data-class="""" data-xicon="""" data-caption="""" data-alignsub="""" data-group=""0"" data-hidewcol=""0"" data-hidesub=""0"" class=""tb-megamenu-item level-2 mega"">
          <a href=""/web/20230711150331/http://esp.mr/article/pr%C3%A9sentation-0"" title=""LAUREATS"">
                LAUREATS                      </a>
          </li>

  <li data-id=""1328"" data-level=""2"" data-type=""menu_item"" data-class="""" data-xicon="""" data-caption="""" data-alignsub="""" data-group=""0"" data-hidewcol=""0"" data-hidesub=""0"" class=""tb-megamenu-item level-2 mega"">
          <a href=""/web/20230711150331/http://esp.mr/article/pr%C3%A9sentation-0"" title=""Localisation"">
                Localisation                      </a>
          </li>

  <li data-id=""1329"" data-level=""2"" data-type=""menu_item"" data-class="""" data-xicon="""" data-caption="""" data-alignsub="""" data-group=""0"" data-hidewcol=""0"" data-hidesub=""0"" class=""tb-megamenu-item level-2 mega"">
          <a href=""/web/20230711150331/http://esp.mr/article/pr%C3%A9sentation-0"" title=""Responsables administratifs"">
                Responsables administratifs                      </a>
          </li>
</ul>
  </div>
</div>
</div>
  </div>
</div>
  </li>

  <li data-id=""1338"" data-level=""1"" data-type=""menu_item"" data-class="""" data-xicon="""" data-caption="""" data-alignsub="""" data-group=""0"" data-hidewcol=""0"" data-hidesub=""0"" class=""tb-megamenu-item level-1 mega dropdown"">
          <a href=""/web/20230711150331/http://esp.mr/article/pr%C3%A9sentation-0"" class=""dropdown-toggle"" title=""Formations"">
                Formations                  <span class=""caret""></span>
                      </a>
        <div data-class="""" data-width="""" class=""tb-megamenu-submenu dropdown-menu mega-dropdown-menu nav-child"">
  <div class=""mega-dropdown-inner"">
    <div class=""tb-megamenu-row row-fluid"">
  <div data-class="""" data-width="""" data-hidewcol=""0"" id=""tb-megamenu-column-2"" class=""tb-megamenu-column span  mega-col-nav"">
  <div class=""tb-megamenu-column-inner mega-inner clearfix"">
        <ul class=""tb-megamenu-subnav mega-nav level-1 items-7"">
    <li data-id=""1357"" data-level=""2"" data-type=""menu_item"" data-class="""" data-xicon="""" data-caption="""" data-alignsub="""" data-group=""0"" data-hidewcol=""0"" data-hidesub=""0"" class=""tb-megamenu-item level-2 mega"">
          <a href=""/web/20230711150331/http://esp.mr/page/d%C3%A9partement-g%C3%A9nie-civil-hydraulique-et-environnement-gc-he"">
                Département Génie civil, Hydraulique et Environnement (GC-HE)                      </a>
          </li>

  <li data-id=""1358"" data-level=""2"" data-type=""menu_item"" data-class="""" data-xicon="""" data-caption="""" data-alignsub="""" data-group=""0"" data-hidewcol=""0"" data-hidesub=""0"" class=""tb-megamenu-item level-2 mega"">
          <a href=""/web/20230711150331/http://esp.mr/page/d%C3%A9partement-g%C3%A9nie-electrique-ge"">
                Département Génie Electrique (GE)                      </a>
          </li>

  <li data-id=""1359"" data-level=""2"" data-type=""menu_item"" data-class="""" data-xicon="""" data-caption="""" data-alignsub="""" data-group=""0"" data-hidewcol=""0"" data-hidesub=""0"" class=""tb-megamenu-item level-2 mega"">
          <a href=""/web/20230711150331/http://esp.mr/page/d%C3%A9partement-g%C3%A9nie-industriel-gi"">
                Département Génie Industriel (GI)                      </a>
          </li>

  <li data-id=""1360"" data-level=""2"" data-type=""menu_item"" data-class="""" data-xicon="""" data-caption="""" data-alignsub="""" data-group=""0"" data-hidewcol=""0"" data-hidesub=""0"" class=""tb-megamenu-item level-2 mega"">
          <a href=""/web/20230711150331/http://esp.mr/page/d%C3%A9partement-g%C3%A9nie-m%C3%A9canique-gm"">
                Département Génie Mécanique (GM)                      </a>
          </li>

  <li data-id=""1361"" data-level=""2"" data-type=""menu_item"" data-class="""" data-xicon="""" data-caption="""" data-alignsub="""" data-group=""0"" data-hidewcol=""0"" data-hidesub=""0"" class=""tb-megamenu-item level-2 mega"">
          <a href=""/web/20230711150331/http://esp.mr/page/d%C3%A9partement-informatique-r%C3%A9seaux-et-t%C3%A9l%C3%A9communications-irt"">
                Département Informatique Réseaux et Télécommunications (IRT)                      </a>
          </li>

  <li data-id=""1362"" data-level=""2"" data-type=""menu_item"" data-class="""" data-xicon="""" data-caption="""" data-alignsub="""" data-group=""0"" data-hidewcol=""0"" data-hidesub=""0"" class=""tb-megamenu-item level-2 mega"">
          <a href=""/web/20230711150331/http://esp.mr/page/d%C3%A9partement-mines-p%C3%A9trole-et-gaz-mpg"">
                Département Mines, Pétrole et Gaz (MPG)                      </a>
          </li>

  <li data-id=""1363"" data-level=""2"" data-type=""menu_item"" data-class="""" data-xicon="""" data-caption="""" data-alignsub="""" data-group=""0"" data-hidewcol=""0"" data-hidesub=""0"" class=""tb-megamenu-item level-2 mega"">
          <a href=""/web/20230711150331/http://esp.mr/page/d%C3%A9partement-statistique-et-ing%C3%A9nierie-des-donn%C3%A9es-sid"">
                Département Statistique et Ingénierie des Données (SID)                      </a>
          </li>
</ul>
  </div>
</div>
</div>
  </div>
</div>
  </li>

  <li data-id=""1321"" data-level=""1"" data-type=""menu_item"" data-class="""" data-xicon="""" data-caption="""" data-alignsub="""" data-group=""0"" data-hidewcol=""0"" data-hidesub=""0"" class=""tb-megamenu-item level-1 mega dropdown"">
          <a href=""/web/20230711150331/http://esp.mr/index"" class=""dropdown-toggle"" title=""RECHERCHE	"">
                RECHERCHE	                  <span class=""caret""></span>
                      </a>
        <div data-class="""" data-width="""" class=""tb-megamenu-submenu dropdown-menu mega-dropdown-menu nav-child"">
  <div class=""mega-dropdown-inner"">
    <div class=""tb-megamenu-row row-fluid"">
  <div data-class="""" data-width="""" data-hidewcol=""0"" id=""tb-megamenu-column-3"" class=""tb-megamenu-column span  mega-col-nav"">
  <div class=""tb-megamenu-column-inner mega-inner clearfix"">
        <ul class=""tb-megamenu-subnav mega-nav level-1 items-2"">
    <li data-id=""1355"" data-level=""2"" data-type=""menu_item"" data-class="""" data-xicon="""" data-caption="""" data-alignsub="""" data-group=""0"" data-hidewcol=""0"" data-hidesub=""0"" class=""tb-megamenu-item level-2 mega"">
          <a href=""/web/20230711150331/http://esp.mr/page/programme-de-renforcement-de-recherche-prr"">
                Programme de renforcement de recherche (PRR)                      </a>
          </li>

  <li data-id=""1356"" data-level=""2"" data-type=""menu_item"" data-class="""" data-xicon="""" data-caption="""" data-alignsub="""" data-group=""0"" data-hidewcol=""0"" data-hidesub=""0"" class=""tb-megamenu-item level-2 mega"">
          <a href=""/web/20230711150331/http://esp.mr/page/laboratoire-et-unit%C3%A9s-de-recherche"">
                Laboratoire et unités de recherche                      </a>
          </li>
</ul>
  </div>
</div>
</div>
  </div>
</div>
  </li>

  <li data-id=""1323"" data-level=""1"" data-type=""menu_item"" data-class="""" data-xicon="""" data-caption="""" data-alignsub="""" data-group=""0"" data-hidewcol=""0"" data-hidesub=""0"" class=""tb-megamenu-item level-1 mega dropdown"">
          <a href=""/web/20230711150331/http://esp.mr/index"" class=""dropdown-toggle"" title=""INTERNATIONALE	"">
                INTERNATIONALE	                  <span class=""caret""></span>
                      </a>
        <div data-class="""" data-width="""" class=""tb-megamenu-submenu dropdown-menu mega-dropdown-menu nav-child"">
  <div class=""mega-dropdown-inner"">
    <div class=""tb-megamenu-row row-fluid"">
  <div data-class="""" data-width="""" data-hidewcol=""0"" id=""tb-megamenu-column-4"" class=""tb-megamenu-column span  mega-col-nav"">
  <div class=""tb-megamenu-column-inner mega-inner clearfix"">
        <ul class=""tb-megamenu-subnav mega-nav level-1 items-2"">
    <li data-id=""1364"" data-level=""2"" data-type=""menu_item"" data-class="""" data-xicon="""" data-caption="""" data-alignsub="""" data-group=""0"" data-hidewcol=""0"" data-hidesub=""0"" class=""tb-megamenu-item level-2 mega"">
          <a href=""/web/20230711150331/http://esp.mr/page/la-mobilit%C3%A9-%C3%A9tudiante"">
                La mobilité étudiante                      </a>
          </li>

  <li data-id=""1365"" data-level=""2"" data-type=""menu_item"" data-class="""" data-xicon="""" data-caption="""" data-alignsub="""" data-group=""0"" data-hidewcol=""0"" data-hidesub=""0"" class=""tb-megamenu-item level-2 mega"">
          <a href=""/web/20230711150331/http://esp.mr/page/projets"">
                Projets                      </a>
          </li>
</ul>
  </div>
</div>
</div>
  </div>
</div>
  </li>

  <li data-id=""1366"" data-level=""1"" data-type=""menu_item"" data-class="""" data-xicon="""" data-caption="""" data-alignsub="""" data-group=""0"" data-hidewcol=""0"" data-hidesub=""0"" class=""tb-megamenu-item level-1 mega"">
          <a href=""/web/20230711150331/http://esp.mr/page/entreprises"">
                Entreprises                      </a>
          </li>

  <li data-id=""1324"" data-level=""1"" data-type=""menu_item"" data-class="""" data-xicon="""" data-caption="""" data-alignsub="""" data-group=""0"" data-hidewcol=""0"" data-hidesub=""0"" class=""tb-megamenu-item level-1 mega dropdown"">
          <a href=""/web/20230711150331/http://esp.mr/index"" class=""dropdown-toggle"" title=""VIE ESTUDIANTE	"">
                VIE ESTUDIANTE	                  <span class=""caret""></span>
                      </a>
        <div data-class="""" data-width="""" class=""tb-megamenu-submenu dropdown-menu mega-dropdown-menu nav-child"">
  <div class=""mega-dropdown-inner"">
    <div class=""tb-megamenu-row row-fluid"">
  <div data-class="""" data-width="""" data-hidewcol=""0"" id=""tb-megamenu-column-5"" class=""tb-megamenu-column span  mega-col-nav"">
  <div class=""tb-megamenu-column-inner mega-inner clearfix"">
        <ul class=""tb-megamenu-subnav mega-nav level-1 items-1"">
    <li data-id=""1345"" data-level=""2"" data-type=""menu_item"" data-class="""" data-xicon="""" data-caption="""" data-alignsub="""" data-group=""0"" data-hidewcol=""0"" data-hidesub=""0"" class=""tb-megamenu-item level-2 mega"">
          <a href=""/web/20230711150331/http://esp.mr/article/pr%C3%A9sentation-0"" title=""ecom"">
                Club robotique                      </a>
          </li>
</ul>
  </div>
</div>
</div>
  </div>
</div>
  </li>
</ul>
      </div>
  </div>
    </div>
  </div>
</div>
  </div>
          </div>
        </div>
      </div>
    </div>
    
  
  <div id=""main-wrapper"" class=""wrapper"">
    <div class=""container"">
	    <div class=""row clearfix"">
	      <!-- MAIN CONTENT -->
	      <div id=""main-content"" class=""span9"">
	        <div class=""grid-inner clearfix"">
	
	          	
	          	
	          	          	          	
	                      
	            <div class=""region region-content"">
    <div id=""block-system-main"" class=""block block-system"">
  <div class=""block-inner"">
            
    <div class=""content"">
      <div id=""node-618"" class=""node node-article node-promoted node-teaser clearfix"" about=""/article/pr%C3%A9sentation-0"" typeof=""sioc:Item foaf:Document"">

  
                <h2><a href=""/web/20230711150331/http://esp.mr/article/pr%C3%A9sentation-0"">Présentation</a></h2>
        <span property=""dc:title"" content=""Présentation"" class=""rdf-meta element-hidden""></span><span property=""sioc:num_replies"" content=""0"" datatype=""xsd:integer"" class=""rdf-meta element-hidden""></span>  
      <div class=""submitted"">
      <span property=""dc:date dc:created"" content=""2022-03-21T05:19:08+07:00"" datatype=""xsd:dateTime"" rel=""sioc:has_creator"">Submitted by <span class=""username"" xml:lang="""" typeof=""sioc:UserAccount"" property=""foaf:name"" datatype="""">Anonymous (not verified)</span> on Mon, 03/21/2022 - 05:19</span>    </div>
  
  <div class=""content"">
    <div class=""field field-name-body field-type-text-with-summary field-label-hidden""><div class=""field-items""><div class=""field-item even"" property=""content:encoded""><p><strong>L’École Supérieure Polytechnique (ESP)</strong> est un établissement du Groupe Polytechnique (GP), qui est une structure qui regroupe un ensemble d’établissements de formation relevant de l’enseignement supérieur. Ce groupe est placée sous la double tutelle du Ministère de la Défense Nationale et du Ministère en charge de l’Enseignement supérieur. Il est composé de l’École Supérieure Polytechnique (ESP), un Institut Préparatoire aux Grandes Ecoles d’Ingénieurs (IPGEI) et 4 Instituts Supérieurs des Métiers (ISM)&nbsp;: l’ISM du Bâtiment, Travaux Publics et Urbanisme (ISM-BTPU), l’ISM de la Mine (IS2M), l’ISM de la Statistique (ISMS)&nbsp;et l’ISM de l’Energie (ISME).</p>
<p><strong>L’institut préparatoire aux grandes écoles (IPGEI)</strong> a vocation à alimenter prioritairement le cycle ingénieur de l’ESP. La formation dispensée est celle du programme des MPSI de première année et de MP ou PSI en deuxième année. Il est envisagé à moyen terme d’ouvrir une classe PCSI en première année et une PC en deuxième année afin de mieux répondre aux besoins de certains départements.</p></div></div></div>  </div>

  <ul class=""links inline""><li class=""node-readmore first last""><a href=""/web/20230711150331/http://esp.mr/article/pr%C3%A9sentation-0"" rel=""tag"" title=""Présentation"">Read more<span class=""element-invisible""> about Présentation</span></a></li>
</ul>
  
</div>
<div id=""node-624"" class=""node node-article node-promoted node-teaser clearfix"" about=""/article/mission-et-organisation"" typeof=""sioc:Item foaf:Document"">

  
                <h2><a href=""/web/20230711150331/http://esp.mr/article/mission-et-organisation"">MISSION ET ORGANISATION</a></h2>
        <span property=""dc:title"" content=""MISSION ET ORGANISATION"" class=""rdf-meta element-hidden""></span><span property=""sioc:num_replies"" content=""0"" datatype=""xsd:integer"" class=""rdf-meta element-hidden""></span>  
      <div class=""submitted"">
      <span property=""dc:date dc:created"" content=""2022-03-20T23:23:13+07:00"" datatype=""xsd:dateTime"" rel=""sioc:has_creator"">Submitted by <span class=""username"" xml:lang="""" about=""/users/admin1"" typeof=""sioc:UserAccount"" property=""foaf:name"" datatype="""">admin1</span> on Sun, 03/20/2022 - 23:23</span>    </div>
  
  <div class=""content"">
    <div class=""field field-name-body field-type-text-with-summary field-label-hidden""><div class=""field-items""><div class=""field-item even"" property=""content:encoded""><ol>
<li>
<ol>
<li>
<ol>
<li><a name=""_Toc62816118"" id=""_Toc62816118""> Identité</a></li>
</ol>
</li>
</ol>
</li>
</ol>
<p>L’École Supérieure Polytechnique (ESP) est un établissement du Groupe Polytechnique (GP). Ce groupe est administré par un général, de préférence issu du corps des ingénieurs de l'Armée Nationale ou à défaut du cadre général détenant un diplôme de l'enseignement militaire supérieur du second degré et justifiant d'une riche expérience dans le domaine de l'instruction. Il est nommé par décret conjoint pris en conseil des Ministres, sur proposition du Ministre de la Défense Nationale et du Ministre chargé de l’Enseignement Supérieur. Il est mis fin à ses fonctions dans les mêmes formes.</p>
<p>&nbsp;</p>
<ol>
<li>
<ol>
<li>
<ol start=""2"">
<li><a name=""_Toc62816119"" id=""_Toc62816119""></a><a name=""_Toc58604533"" id=""_Toc58604533""> Orientation stratégique</a></li>
</ol>
</li>
</ol>
</li>
</ol>
<p>&nbsp;</p>
<p><em>La vision </em></p>
<p>La vision de l’ESP est d’être une grande école d’ingénieurs dont la qualité est reconnue aux niveaux national et international.</p>
<p>&nbsp;</p>
<p><em>Axes stratégiques</em></p></div></div></div>  </div>

  <ul class=""links inline""><li class=""node-readmore first last""><a href=""/web/20230711150331/http://esp.mr/article/mission-et-organisation"" rel=""tag"" title=""MISSION ET ORGANISATION"">Read more<span class=""element-invisible""> about MISSION ET ORGANISATION</span></a></li>
</ul>
  
</div>
<div id=""node-623"" class=""node node-article node-promoted node-teaser clearfix"" about=""/article/pr%C3%A9sentation"" typeof=""sioc:Item foaf:Document"">

  
                <h2><a href=""/web/20230711150331/http://esp.mr/article/pr%C3%A9sentation"">Présentation</a></h2>
        <span property=""dc:title"" content=""Présentation"" class=""rdf-meta element-hidden""></span><span property=""sioc:num_replies"" content=""0"" datatype=""xsd:integer"" class=""rdf-meta element-hidden""></span>  
      <div class=""submitted"">
      <span property=""dc:date dc:created"" content=""2022-03-20T23:15:53+07:00"" datatype=""xsd:dateTime"" rel=""sioc:has_creator"">Submitted by <span class=""username"" xml:lang="""" about=""/users/admin1"" typeof=""sioc:UserAccount"" property=""foaf:name"" datatype="""">admin1</span> on Sun, 03/20/2022 - 23:15</span>    </div>
  
  <div class=""content"">
    <div class=""field field-name-body field-type-text-with-summary field-label-hidden""><div class=""field-items""><div class=""field-item even"" property=""content:encoded""><p><strong>L’École Supérieure Polytechnique (ESP)</strong> est un établissement du Groupe Polytechnique (GP), qui est une structure qui regroupe un ensemble d’établissements de formation relevant de l’enseignement supérieur. Ce groupe est placée sous la double tutelle du Ministère de la Défense Nationale et du Ministère en charge de l’Enseignement supérieur. Il est composé de l’École Supérieure Polytechnique (ESP), un Institut Préparatoire aux Grandes Ecoles d’Ingénieurs (IPGEI) et 4 Instituts Supérieurs des Métiers (ISM)&nbsp;: l’ISM du Bâtiment, Travaux Publics et Urbanisme (ISM-BTPU), l’ISM de la Mine (IS2M), l’ISM de la Statistique (ISMS)&nbsp;et l’ISM de l’Energie (ISME).</p>
<p><strong>L’institut préparatoire aux grandes écoles (IPGEI)</strong> a vocation à alimenter prioritairement le cycle ingénieur de l’ESP. La formation dispensée est celle du programme des MPSI de première année et de MP ou PSI en deuxième année. Il est envisagé à moyen terme d’ouvrir une classe PCSI en première année et une PC en deuxième année afin de mieux répondre aux besoins de certains départements.</p></div></div></div>  </div>

  <ul class=""links inline""><li class=""node-readmore first last""><a href=""/web/20230711150331/http://esp.mr/article/pr%C3%A9sentation"" rel=""tag"" title=""Présentation"">Read more<span class=""element-invisible""> about Présentation</span></a></li>
</ul>
  
</div>
<div id=""node-622"" class=""node node-article node-promoted node-teaser clearfix"" about=""/article/entreprises"" typeof=""sioc:Item foaf:Document"">

  
                <h2><a href=""/web/20230711150331/http://esp.mr/article/entreprises"">ENTREPRISES</a></h2>
        <span property=""dc:title"" content=""ENTREPRISES"" class=""rdf-meta element-hidden""></span><span property=""sioc:num_replies"" content=""0"" datatype=""xsd:integer"" class=""rdf-meta element-hidden""></span>  
      <div class=""submitted"">
      <span property=""dc:date dc:created"" content=""2022-03-20T23:10:50+07:00"" datatype=""xsd:dateTime"" rel=""sioc:has_creator"">Submitted by <span class=""username"" xml:lang="""" about=""/users/admin1"" typeof=""sioc:UserAccount"" property=""foaf:name"" datatype="""">admin1</span> on Sun, 03/20/2022 - 23:10</span>    </div>
  
  <div class=""content"">
    <div class=""field field-name-body field-type-text-with-summary field-label-hidden""><div class=""field-items""><div class=""field-item even"" property=""content:encoded""><p>&nbsp;</p>
<p>L’ESP dispose actuellement de relations avec 40 entreprises nationales et internationales pour faciliter la mise en place des activités et programmes suivants :</p>
<ul>
<li>Implication dans l’enseignement à l’ESP</li>
<li>Accueil d’étudiants en projets</li>
<li>Accueil d’étudiants en stages</li>
<li>Formation continue</li>
<li>Etude et expertise</li>
<li>Recherche et développement,</li>
<li>Accueil des missions d’enseignement,</li>
<li>Visite des installations, plates-formes et démonstrations</li>
<li>Appuis dans le cadre de l’excellence</li>
<li>Organisation et participation aux séminaires, conférences, forums et salons d’intérêt commun</li>
</ul>
</div></div></div>  </div>

  <ul class=""links inline""><li class=""node-readmore first last""><a href=""/web/20230711150331/http://esp.mr/article/entreprises"" rel=""tag"" title=""ENTREPRISES"">Read more<span class=""element-invisible""> about ENTREPRISES</span></a></li>
</ul>
  
</div>
<div id=""node-621"" class=""node node-article node-promoted node-teaser clearfix"" about=""/article/partenaires"" typeof=""sioc:Item foaf:Document"">

  
                <h2><a href=""/web/20230711150331/http://esp.mr/article/partenaires"">Partenaires</a></h2>
        <span property=""dc:title"" content=""Partenaires"" class=""rdf-meta element-hidden""></span><span property=""sioc:num_replies"" content=""0"" datatype=""xsd:integer"" class=""rdf-meta element-hidden""></span>  
      <div class=""submitted"">
      <span property=""dc:date dc:created"" content=""2022-03-20T20:21:36+07:00"" datatype=""xsd:dateTime"" rel=""sioc:has_creator"">Submitted by <span class=""username"" xml:lang="""" about=""/users/admin1"" typeof=""sioc:UserAccount"" property=""foaf:name"" datatype="""">admin1</span> on Sun, 03/20/2022 - 20:21</span>    </div>
  
  <div class=""content"">
    <div class=""field field-name-body field-type-text-with-summary field-label-hidden""><div class=""field-items""><div class=""field-item even"" property=""content:encoded""><p>L’ESP dispose actuellement de relations avec 40 entreprises nationales et internationales pour faciliter la mise en place des activités et programmes suivants :</p>
<ul>
<li>Implication dans l’enseignement à l’ESP</li>
<li>Accueil d’étudiants en projets</li>
<li>Accueil d’étudiants en stages</li>
<li>Formation continue</li>
<li>Etude et expertise</li>
<li>Recherche et développement,</li>
<li>Accueil des missions d’enseignement,</li>
<li>Visite des installations, plates-formes et démonstrations</li>
<li>Appuis dans le cadre de l’excellence</li>
<li>Organisation et participation aux séminaires, conférences, forums et salons d’intérêt commun</li>
</ul>
<p>&nbsp;</p>
<p>&nbsp;</p>
</div></div></div>  </div>

  <ul class=""links inline""><li class=""node-readmore first last""><a href=""/web/20230711150331/http://esp.mr/article/partenaires"" rel=""tag"" title=""Partenaires"">Read more<span class=""element-invisible""> about Partenaires</span></a></li>
</ul>
  
</div>
    </div>
  </div>
</div>
<div id=""block-nivo-slider-nivo-slider"" class=""block block-nivo-slider"">
  <div class=""block-inner"">
            
    <div class=""content"">
        <div class=""slider-wrapper theme-default"">
    <div class=""ribbon""></div>
    <div id=""slider"" class=""nivoSlider"">
      <img class=""slide"" id=""slide-0"" data-thumb=""https://web.archive.org/web/20230711150331/https://esp.mr/sites/default/files/banner/275500349_109999634967281_9118500663734575969_n.png"" data-transition="""" typeof=""foaf:Image"" src=""https://web.archive.org/web/20230711150331im_/https://esp.mr/sites/default/files/banner/275500349_109999634967281_9118500663734575969_n.png"" alt="""" title="""">    </div>
  </div>
      </div>
  </div>
</div>
  </div>
	        </div>
	      </div>
	      <!-- //MAIN CONTENT -->
	
                
	      		  
		  	
	      	        <div id=""sidebar-second-wrapper"" class=""span3"">
	          <div class=""grid-inner clearfix"">
	              <div class=""region region-sidebar-second"">
    <div id=""block-block-15--2"" class=""block block-block"">
  <div class=""block-inner"">
              <h2>Mot du Directeur</h2>
        
    <div class=""content"">
      <p><img src=""/web/20230711150331im_/http://esp.mr/sites/default/files/images/esp05(1).jpg"" style=""height:239px; width:239px""></p>
    </div>
  </div>
</div>
  </div>
	          </div>
	        </div>
	      	    </div>
    </div>
  </div>

  
      <!-- PANEL SECOND -->
    <div id=""panel-second-wrapper"" class=""wrapper panel panel-second"">
      <div class=""container"">
        <div class=""row clearfix"">
          <div class=""panel-column span6 panel-second-1"">
        <div class=""grid-inner clearfix"">
                        <div class=""region region-panel-second-1"">
    <div id=""block-quicktabs-quicktabs--2"" class=""block block-quicktabs"">
  <div class=""block-inner"">
            
    <div class=""content"">
      <div id=""quicktabs-quicktabs"" class=""quicktabs-wrapper quicktabs-style-nostyle jquery-once-1-processed""><div class=""item-list""><ul class=""quicktabs-tabs quicktabs-style-nostyle""><li class=""active first last""><a href=""/web/20230711150331/http://esp.mr/node?qt-quicktabs=0#qt-quicktabs"" id=""quicktabs-tab-quicktabs-0"" class=""quicktabs-tab quicktabs-tab-block quicktabs-tab-block-views-delta-news-events-block active quicktabs-loaded jquery-once-2-processed"">EVÉNEMENTS<span id=""active-quicktabs-tab"" class=""element-invisible"">(active tab)</span></a></li>
</ul></div><div id=""quicktabs-container-quicktabs"" class=""quicktabs_main quicktabs-style-nostyle""><div id=""quicktabs-tabpage-quicktabs-0"" class=""quicktabs-tabpage ""><div id=""block-views-news-events-block--2"" class=""block block-views"">
  <div class=""block-inner"">
            
    <div class=""content"">
      <div class=""view view-news-events view-id-news_events view-display-id-block blog-view view-dom-id-ca3c0a8714cb77fbb87ad8924609276a"">
        
  
  
      <div class=""view-content"">
        <div class=""views-row views-row-1 views-row-odd views-row-first"">
      
  <div class=""views-field views-field-created"">        <span class=""field-content"">12 May 2023</span>  </div>  
  <div class=""views-field views-field-field-image"">        <div class=""field-content""><a href=""/web/20230711150331/http://esp.mr/news/concours-national-d%E2%80%99ing%C3%A9nieurs-de-mauritanie-cnim-session-2023""><img typeof=""foaf:Image"" src=""https://web.archive.org/web/20230711150331im_/https://esp.mr/sites/default/files/styles/thumbnail/public/images/news/esp_0.png?itok=TZfqlDp2"" width=""92"" height=""72"" alt=""""></a></div>  </div>  
  <div class=""views-field views-field-title"">        <span class=""field-content""><a href=""/web/20230711150331/http://esp.mr/news/concours-national-d%E2%80%99ing%C3%A9nieurs-de-mauritanie-cnim-session-2023"">CONCOURS NATIONAL D’INGÉNIEURS DE MAURITANIE (CNIM) - Session 2023</a></span>  </div>  
  <div class=""views-field views-field-body"">        <div class=""field-content""><p>L’inscription au concours&nbsp;national d’ingénieurs de Mauritanie (CNIM 2023) est ouverte. Ce concours qui est le seul moyen&nbsp;d’accès&nbsp;aux cycles&nbsp;d’ingénieurs&nbsp;en Mauritanie se fait suivant deux voies :</p>
<p>Première voie&nbsp;: ouverte aux élèves des cycles préparatoires de l’Institut Préparatoire aux...</p></div>  </div>  </div>
  <div class=""views-row views-row-2 views-row-even"">
      
  <div class=""views-field views-field-created"">        <span class=""field-content"">15 December 2022</span>  </div>  
  <div class=""views-field views-field-field-image"">        <div class=""field-content""><a href=""/web/20230711150331/http://esp.mr/news/le-chef-demga-du-s%C3%A9n%C3%A9gal-visite-le-gp""><img typeof=""foaf:Image"" src=""https://web.archive.org/web/20230711150331im_/https://esp.mr/sites/default/files/styles/thumbnail/public/images/news/gp12.jpeg?itok=Vzr8J22b"" width=""92"" height=""72"" alt=""""></a></div>  </div>  
  <div class=""views-field views-field-title"">        <span class=""field-content""><a href=""/web/20230711150331/http://esp.mr/news/le-chef-demga-du-s%C3%A9n%C3%A9gal-visite-le-gp"">Le chef d'EMGA du Sénégal visite le GP</a></span>  </div>  
  <div class=""views-field views-field-body"">        <div class=""field-content""><p>Le Commandant du Groupe Polytechnique reçoit, avec le Chef d’Etat-Major Général des Armées, le Chef d’Etat-Major Général des Armées du Sénégal et ses collaborateurs. Cette haute délégation Sénégalaise a salué l’excellence des formations dispensées au Groupe Polytechnique.</p>
</div>  </div>  </div>
  <div class=""views-row views-row-3 views-row-odd"">
      
  <div class=""views-field views-field-created"">        <span class=""field-content"">4 November 2022</span>  </div>  
  <div class=""views-field views-field-field-image"">        <div class=""field-content""><a href=""/web/20230711150331/http://esp.mr/news/signature-dun-accord-cadre-entre-lesp-et-lensi-de-tunisie""><img typeof=""foaf:Image"" src=""https://web.archive.org/web/20230711150331im_/https://esp.mr/sites/default/files/styles/thumbnail/public/images/news/ensi2.PNG?itok=pFv53VIK"" width=""92"" height=""72"" alt=""""></a></div>  </div>  
  <div class=""views-field views-field-title"">        <span class=""field-content""><a href=""/web/20230711150331/http://esp.mr/news/signature-dun-accord-cadre-entre-lesp-et-lensi-de-tunisie"">Signature d'un accord cadre entre l'ESP et l'ENSI de Tunisie </a></span>  </div>  
  <div class=""views-field views-field-body"">        <div class=""field-content""><p>L'Ecole Supérieure Polytechnique vient de signer avec la prestigieuse Ecole Nationale Nationale des Sciences de l'Informatique (ENSI) en Tunisie un accord-cadre de coopération qui permettra un partenariat multidimensionnel dans les domaines de l’informatique, la science des données et l’...</p></div>  </div>  </div>
  <div class=""views-row views-row-4 views-row-even"">
      
  <div class=""views-field views-field-created"">        <span class=""field-content"">29 September 2022</span>  </div>  
  <div class=""views-field views-field-field-image"">        <div class=""field-content""><a href=""/web/20230711150331/http://esp.mr/news/signature-dun-accord-cadre-entre-lesp-et-lensias-de-rabat""><img typeof=""foaf:Image"" src=""https://web.archive.org/web/20230711150331im_/https://esp.mr/sites/default/files/styles/thumbnail/public/images/news/fp.PNG?itok=jGkWsMto"" width=""92"" height=""72"" alt=""""></a></div>  </div>  
  <div class=""views-field views-field-title"">        <span class=""field-content""><a href=""/web/20230711150331/http://esp.mr/news/signature-dun-accord-cadre-entre-lesp-et-lensias-de-rabat"">Signature d'un accord cadre entre l'ESP et l'ENSIAS de Rabat</a></span>  </div>  
  <div class=""views-field views-field-body"">        <div class=""field-content""><p>L'Ecole Supérieure Polytechnique vient de signer avec la prestigieuse Ecole Nationale Supérieure d'Informatique et d'Analyse des Systèmes (ENSIAS) de Rabat un accord-cadre de coopération qui permettra un partenariat multidimensionnel dans les domaines de l’informatique, la science des données et...</p></div>  </div>  </div>
  <div class=""views-row views-row-5 views-row-odd views-row-last"">
      
  <div class=""views-field views-field-created"">        <span class=""field-content"">21 July 2022</span>  </div>  
  <div class=""views-field views-field-field-image"">        <div class=""field-content""><a href=""/web/20230711150331/http://esp.mr/news/visite-d%E2%80%99une-d%C3%A9l%C3%A9gation-de-lautorit%C3%A9-mauritanienne-dassurance-qualit%C3%A9-de-lenseignement""><img typeof=""foaf:Image"" src=""https://web.archive.org/web/20230711150331im_/https://esp.mr/sites/default/files/styles/thumbnail/public/images/news/sign1.PNG?itok=BB2GTM9J"" width=""92"" height=""72"" alt=""""></a></div>  </div>  
  <div class=""views-field views-field-title"">        <span class=""field-content""><a href=""/web/20230711150331/http://esp.mr/news/visite-d%E2%80%99une-d%C3%A9l%C3%A9gation-de-lautorit%C3%A9-mauritanienne-dassurance-qualit%C3%A9-de-lenseignement"">Visite d’une délégation de l'Autorité Mauritanienne d'Assurance Qualité de l'Enseignement Supérieur au Groupe Polytechnique</a></span>  </div>  
  <div class=""views-field views-field-body"">        <div class=""field-content""><p>Le Directeur de l'Autorité Mauritanienne d'Assurance Qualité de l'Enseignement Supérieur (AMAQ-ES) Dr Mohamed Lemine Haless a effectué une visite de travail ce matin 20 juillet 2022 au Groupe Polytechnique (GP). Cette visite était l’occasion d’échanger sur les procédures d’évaluation de la...</p></div>  </div>  </div>
    </div>
  
  
  
  
  
  
</div>    </div>
  </div>
</div>
</div></div></div>    </div>
  </div>
</div>
  </div>
                  </div>
      </div>
                <div class=""panel-column span6 panel-second-2"">
        <div class=""grid-inner clearfix"">
                        <div class=""region region-panel-second-2"">
    <div id=""block-views-video-block--2"" class=""block block-views"">
  <div class=""block-inner"">
              <h2>GALERIE VIDÉO</h2>
        
    <div class=""content"">
      <div class=""view view-video view-id-video view-display-id-block video-of-week view-dom-id-792265f605f328ba562e9a3808f96c74"">
        
  
  
      <div class=""view-content"">
      <div class="" jcarousel-skin-default""><div class=""jcarousel-container jcarousel-container-horizontal"" style=""position: relative; display: block;""><div class=""jcarousel-clip jcarousel-clip-horizontal"" style=""position: relative;""><ul class=""jcarousel jcarousel-view--video--block jcarousel-dom-1 jcarousel-processed jcarousel-list jcarousel-list-horizontal"" style=""overflow: hidden; position: relative; top: 0px; margin: 0px; padding: 0px; left: 0px; width: 520px;"">
      <li class=""odd jcarousel-item jcarousel-item-horizontal jcarousel-item-1 jcarousel-item-1-horizontal"" style=""float: left; list-style: none; width: 420px;"" jcarouselindex=""1"">  
  <div class=""views-field views-field-field-video"">        <div class=""field-content video-play-button"">
<div class=""embedded-video"">
  <div class=""player"">
    <iframe class="""" width=""250"" height=""145"" src=""//web.archive.org/web/20230711150331if_/http://www.youtube.com/embed/hqCil-ZnpaQ?width%3D250%26amp%3Bheight%3D145%26amp%3Btheme%3Ddark%26amp%3Bautoplay%3D0%26amp%3Brel%3D0%26amp%3Bshowinfo%3D0%26amp%3Bmodestbranding%3D0%26amp%3Biv_load_policy%3D1%26amp%3Bautohide%3D1%26amp%3Bvq%3Dhd720%26amp%3Bwmode%3Dopaque"" frameborder=""0"" allowfullscreen="""" data-ruffle-polyfilled=""""></iframe>  </div>
</div>
</div>  </div>  
  <div class=""views-field views-field-title"">        <span class=""field-content""><a href=""/web/20230711150331/http://esp.mr/node/73"">Visite de la délégation de l'ESP-Nouakchott (Mauritanie)</a></span>  </div>  
  <div class=""views-field views-field-body"">        <div class=""field-content""></div>  </div></li>
  </ul></div><a href=""javascript:void(0)"" class=""jcarousel-prev jcarousel-prev-horizontal jcarousel-prev-disabled jcarousel-prev-disabled-horizontal"" disabled=""true"" style=""""></a><a href=""javascript:void(0)"" class=""jcarousel-next jcarousel-next-horizontal jcarousel-next-disabled jcarousel-next-disabled-horizontal"" disabled=""true"" style=""""></a></div></div>
    </div>
  
  
  
  
  
  
</div>    </div>
  </div>
</div>
<div id=""block-views-lastest-photos-block--2"" class=""block block-views"">
  <div class=""block-inner"">
              <h2>GALERIE PHOTOS</h2>
        
    <div class=""content"">
      <div class=""view view-lastest-photos view-id-lastest_photos view-display-id-block latest-photos view-dom-id-e9b7fe31d3acdc9a163871895dfd1fdb"">
        
  
  
      <div class=""view-content"">
      <div class=""views-view-grid cols-4"">
      <div class=""views-row row-1 row-first row-last clearfix"">
                        <div class=""grid views-col col-1 col-first"">
            <div class=""grid-inner col-inner clearfix"">
                
  <div class=""views-field views-field-field-images"">        <div class=""field-content""><a href=""/web/20230711150331/http://esp.mr/gallery/8""><img typeof=""foaf:Image"" src=""https://web.archive.org/web/20230711150331im_/https://esp.mr/sites/default/files/styles/img_110_110/public/images/gallaries/1%20%284%29.jpeg?itok=bNzEG13I"" width=""110"" height=""110"" alt=""""></a></div>  </div>            </div>
          </div>
                                <div class=""grid views-col col-2"">
            <div class=""grid-inner col-inner clearfix"">
                
  <div class=""views-field views-field-field-images"">        <div class=""field-content""></div>  </div>            </div>
          </div>
                                <div class=""grid views-col col-3"">
            <div class=""grid-inner col-inner clearfix"">
                
  <div class=""views-field views-field-field-images"">        <div class=""field-content""><a href=""/web/20230711150331/http://esp.mr/gallery/7""><img typeof=""foaf:Image"" src=""https://web.archive.org/web/20230711150331im_/https://esp.mr/sites/default/files/styles/img_110_110/public/images/gallaries/1%20%282%29.jpeg?itok=Q3g12VnZ"" width=""110"" height=""110"" alt=""""></a></div>  </div>            </div>
          </div>
                                <div class=""grid views-col col-4 col-last"">
            <div class=""grid-inner col-inner clearfix"">
                
  <div class=""views-field views-field-field-images"">        <div class=""field-content""><a href=""/web/20230711150331/http://esp.mr/gallery/9""><img typeof=""foaf:Image"" src=""https://web.archive.org/web/20230711150331im_/https://esp.mr/sites/default/files/styles/img_110_110/public/images/gallaries/1%20%283%29.jpeg?itok=ZesbRSqN"" width=""110"" height=""110"" alt=""""></a></div>  </div>            </div>
          </div>
                  </div>
  </div>
    </div>
  
  
  
  
  
  
</div>    </div>
  </div>
</div>
  </div>
                  </div>
      </div>        </div>
      </div>
    </div>
    <!-- //PANEL SECOND -->
  
      <!-- PANEL THIRD -->
    <div id=""panel-third-wrapper"" class=""wrapper panel panel-third"">
      <div class=""container"">
        <div class=""row clearfix"">
          <div class=""panel-column span12 panel-third-1"">
        <div class=""grid-inner clearfix"">
                        <div class=""region region-panel-third-1"">
    <div id=""block-views-sponsors-block--2"" class=""block block-views"">
  <div class=""block-inner"">
              <h2>PARTENAIRES</h2>
        
    <div class=""content"">
      <div class=""view view-sponsors view-id-sponsors view-display-id-block view-dom-id-1a396dca913ee925da30f293284a1ac9"">
        
  
  
      <div class=""view-content"">
      <div class="" jcarousel-skin-default""><div class=""jcarousel-container jcarousel-container-horizontal"" style=""position: relative; display: block;""><div class=""jcarousel-clip jcarousel-clip-horizontal"" style=""position: relative;""><ul class=""jcarousel jcarousel-view--sponsors--block jcarousel-dom-2 jcarousel-processed jcarousel-list jcarousel-list-horizontal"" style=""overflow: hidden; position: relative; top: 0px; margin: 0px; padding: 0px; left: 0px; width: 1040px;"">
      <li class=""odd jcarousel-item jcarousel-item-horizontal jcarousel-item-1 jcarousel-item-1-horizontal"" style=""float: left; list-style: none;"" jcarouselindex=""1"">  
  <div class=""views-field views-field-field-image"">        <div class=""field-content""><a href=""/web/20230711150331/http://esp.mr/sponsor/insa""><img typeof=""foaf:Image"" src=""https://web.archive.org/web/20230711150331im_/https://esp.mr/sites/default/files/images/sponsors/insa_0.png"" width=""640"" height=""184"" alt=""""></a></div>  </div></li>
      <li class=""even jcarousel-item jcarousel-item-horizontal jcarousel-item-2 jcarousel-item-2-horizontal"" style=""float: left; list-style: none;"" jcarouselindex=""2"">  
  <div class=""views-field views-field-field-image"">        <div class=""field-content""><a href=""/web/20230711150331/http://esp.mr/sponsor/snim""><img typeof=""foaf:Image"" src=""https://web.archive.org/web/20230711150331im_/https://esp.mr/sites/default/files/images/sponsors/SNIM.jpg"" width=""185"" height=""176"" alt=""""></a></div>  </div></li>
      <li class=""odd jcarousel-item jcarousel-item-horizontal jcarousel-item-3 jcarousel-item-3-horizontal"" style=""float: left; list-style: none;"" jcarouselindex=""3"">  
  <div class=""views-field views-field-field-image"">        <div class=""field-content""><a href=""/web/20230711150331/http://esp.mr/sponsor/mcm""><img typeof=""foaf:Image"" src=""https://web.archive.org/web/20230711150331im_/https://esp.mr/sites/default/files/images/sponsors/mcm_logo%281%29.jpg"" width=""269"" height=""156"" alt=""""></a></div>  </div></li>
      <li class=""even jcarousel-item jcarousel-item-horizontal jcarousel-item-4 jcarousel-item-4-horizontal"" style=""float: left; list-style: none;"" jcarouselindex=""4"">  
  <div class=""views-field views-field-field-image"">        <div class=""field-content""><a href=""/web/20230711150331/http://esp.mr/node/24""><img typeof=""foaf:Image"" src=""https://web.archive.org/web/20230711150331im_/https://esp.mr/sites/default/files/images/sponsors/Kinross_logo_0.png"" width=""372"" height=""227"" alt=""""></a></div>  </div></li>
  </ul></div><a href=""javascript:void(0)"" class=""jcarousel-prev jcarousel-prev-horizontal"" disabled=""false"" style=""""></a><a href=""javascript:void(0)"" class=""jcarousel-next jcarousel-next-horizontal"" disabled=""false"" style=""""></a></div></div>
    </div>
  
  
  
  
  
  
</div>    </div>
  </div>
</div>
  </div>
                  </div>
      </div>        </div>
      </div>
    </div>
    <!-- //PANEL THIRD -->
    
      <!-- PANEL forth -->
    <div id=""panel-forth-wrapper"" class=""wrapper panel panel-forth"">
      <div class=""container"">
        <div class=""row clearfix"">
          <div class=""panel-column span3 panel-forth-1"">
        <div class=""grid-inner clearfix"">
                        <div class=""region region-panel-forth-1"">
    <div id=""block-block-11--2"" class=""block block-block"">
  <div class=""block-inner"">
              <h2>LIENS UTILES</h2>
        
    <div class=""content"">
      <ul>
<li><a href=""https://web.archive.org/web/20230711150331/http://www.ipgei.mr/"">IPGEI - Institut préparatoire aux Grandes Ecoles d'ingénieurs de Nouakchott -</a></li>
</ul>
    </div>
  </div>
</div>
  </div>
                  </div>
      </div>
                <div class=""panel-column span3 panel-forth-2"">
        <div class=""grid-inner clearfix"">
                        <div class=""region region-panel-forth-2"">
    <div id=""block-block-14--2"" class=""block block-block"">
  <div class=""block-inner"">
              <h2>LOCALISATION</h2>
        
    <div class=""content"">
      <iframe src=""https://web.archive.org/web/20230711150331if_/https://www.google.com/maps/embed?pb=!1m14!1m8!1m3!1d15171.019588889978!2d-15.992648!3d18.082898!3m2!1i1024!2i768!4f13.1!3m3!1m2!1s0x0%3A0xfde82020b1e550f2!2sEcole%20Sup%C3%A9rieure%20Polytechniques!5e0!3m2!1sen!2sus!4v1646596672202!5m2!1sen!2sus"" width=""244"" height=""190"" style=""border:0;"" allowfullscreen="""" loading=""lazy"" data-ruffle-polyfilled=""""></iframe>    </div>
  </div>
</div>
  </div>
                  </div>
      </div>
                <div class=""panel-column span3 panel-forth-3"">
        <div class=""grid-inner clearfix"">
                        <div class=""region region-panel-forth-3"">
    <div id=""block-block-5--2"" class=""block block-block"">
  <div class=""block-inner"">
              <h2>SUIVEZ-NOUS SUR</h2>
        
    <div class=""content"">
      <p>Facebook</p>
    </div>
  </div>
</div>
  </div>
                  </div>
      </div>
                <div class=""panel-column span3 panel-forth-4"">
        <div class=""grid-inner clearfix"">
                        <div class=""region region-panel-forth-4"">
    <div id=""block-block-4--2"" class=""block block-block"">
  <div class=""block-inner"">
              <h2>CONTACTEZ-NOUS</h2>
        
    <div class=""content"">
      <div class=""contact-info"">
<h4>&nbsp;BP 4303 Cité Cadres - Sebkha<br>
Nouakchott - Mauritanie&nbsp;&nbsp;</h4>
<p>E-mail : <a href=""https://web.archive.org/web/20230711150331/mailto:contact@esp.mr"">contact@esp.mr</a></p>
<p>&nbsp;</p>
</div>
    </div>
  </div>
</div>
  </div>
                  </div>
      </div>        </div>
      </div>
    </div>
    <!-- //PANEL forth -->
  
      <!-- FOOTER -->
    <div id=""footer-wrapper"" class=""wrapper"">
      <div class=""container"">
        <div class=""row"">
          
          <div class=""span12 clearfix"">
            <div id=""footer"" class=""clearfix"">
                <div class=""region region-footer"">
    <div id=""block-block-2"" class=""block block-block"">
  <div class=""block-inner"">
            
    <div class=""content"">
      <p>Tout droit réservé Ecole Supérieure Polytechnique © 2022</p>
    </div>
  </div>
</div>
<div id=""block-menu-block-1"" class=""block block-menu-block"">
  <div class=""block-inner"">
            
    <div class=""content"">
      <div class=""menu-block-wrapper menu-block-1 menu-name-menu-footer parent-mlid-0 menu-level-1"">
  <ul class=""menu""><li class=""first last leaf menu-mlid-507""><a href=""/web/20230711150331/http://esp.mr/sitemap"" title=""Display a site map with RSS feeds."">Site map</a></li>
</ul></div>
    </div>
  </div>
</div>
  </div>
            </div>
          </div>
        </div>
      </div>
    </div>
    <!-- //FOOTER -->
    <div id=""credits"">Education - This is a contributing Drupal Theme<br>Design by <a href=""https://web.archive.org/web/20230711150331/http://www.weebpal.com/"" target=""_blank"">WeebPal</a>.</div>    
</div>
  


</body>",""
